episode,reward,steps,success,success_ma25,cumulative_solution_length,planner_used,planner_plan_found,planner_fallback_to_rl,planner_solved,planner_backend,planner_error,rl_loss,rl_batch_seconds,episode_duration_seconds
0,0.0,253,0,0.0,0,0,0,0,0,none,RuntimeError: No AML model available yet; deferring to RL.,nan,13.442823999997927,26.38776549999602
1,1.0,63,1,0.5,63,0,1,1,0,metric_ff,,0.07963620871305466,13.577003600017633,16.51170460000867
2,0.0,252,0,0.3333333333333333,63,0,1,1,0,metric_ff,,0.010890467092394829,5.456812500022352,18.42362340001273
3,0.0,260,0,0.25,63,0,1,1,0,metric_ff,,0.04447684437036514,5.046718899975531,17.26949850001256
4,0.0,255,0,0.2,63,0,1,1,0,metric_ff,,0.029670875519514084,4.785062500013737,18.13305850001052
5,0.0,255,0,0.16666666666666666,63,0,1,1,0,metric_ff,,0.050249360501766205,4.963632500002859,17.537635100015905
6,1.0,141,1,0.2857142857142857,204,0,1,1,0,metric_ff,,0.08943172544240952,5.872655899991514,13.14504320002743
7,0.0,257,0,0.25,204,0,1,1,0,metric_ff,,0.023984260857105255,7.894582999986596,20.864970199996606
8,0.0,256,0,0.2222222222222222,204,0,1,1,0,metric_ff,,0.056076303124427795,6.0671302000118885,18.687425599986454
9,0.0,255,0,0.2,204,0,1,1,0,metric_ff,,0.028992582112550735,6.078950299997814,18.66625129999011
10,1.0,6,1,0.2727272727272727,210,1,1,0,1,metric_ff,,0.056794822216033936,5.109946799988393,5.481908100016881
11,0.0,254,0,0.25,210,0,1,1,0,metric_ff,,0.04069681093096733,6.807079799997155,18.677481299993815
12,1.0,6,1,0.3076923076923077,216,1,1,0,1,metric_ff,,0.0401269793510437,6.408869300008519,6.7714851000055205
13,0.0,258,0,0.2857142857142857,216,0,1,1,0,metric_ff,,0.03728214278817177,5.912675400002627,19.636527800001204
14,0.0,257,0,0.26666666666666666,216,0,1,1,0,metric_ff,,0.0653839036822319,6.03938649999327,18.632338799972786
15,0.0,258,0,0.25,216,0,1,1,0,metric_ff,,0.03689609095454216,6.671812800021144,20.173397600010503
16,0.0,255,0,0.23529411764705882,216,0,1,1,0,metric_ff,,0.05530737712979317,6.041657699999632,19.980787199980114
17,0.0,254,0,0.2222222222222222,216,0,1,1,0,metric_ff,,0.06503545492887497,6.403555500000948,18.55543619999662
18,0.0,256,0,0.21052631578947367,216,0,1,1,0,metric_ff,,0.03717292845249176,6.478311799990479,18.397354600019753
19,1.0,256,1,0.25,472,0,1,1,0,metric_ff,,0.05411861836910248,5.432557799998904,18.422016700002132
20,0.0,252,0,0.23809523809523808,472,0,1,1,0,metric_ff,,0.03470126539468765,7.80249860000913,22.039037299982738
21,0.0,254,0,0.22727272727272727,472,0,1,1,0,metric_ff,,0.037842992693185806,5.951224100019317,18.891973799996777
22,1.0,6,1,0.2608695652173913,478,1,1,0,1,metric_ff,,0.03415365517139435,7.204956300003687,7.592771099996753
23,0.0,259,0,0.25,478,0,1,1,0,metric_ff,,0.03338751941919327,6.019051199982641,18.54350230001728
24,0.0,252,0,0.24,478,0,1,1,0,metric_ff,,0.045316219329833984,8.758412200026214,21.82472959998995
25,1.0,5,1,0.28,483,1,1,0,1,metric_ff,,0.0407678559422493,6.979936299991095,7.343470000021625
26,0.0,251,0,0.24,483,0,1,1,0,metric_ff,,0.02103940211236477,7.4868345000140835,21.117448000004515
27,0.0,257,0,0.24,483,0,1,1,0,metric_ff,,0.03879968076944351,6.730688000010559,19.942064100003336
28,1.0,228,1,0.28,711,0,1,1,0,metric_ff,,0.04367123544216156,7.783460799983004,19.97371189997648
29,0.0,257,0,0.28,711,0,1,1,0,metric_ff,,0.05323829501867294,4.719638899987331,17.367482800007565
30,1.0,228,1,0.32,939,0,1,1,0,metric_ff,,0.025660928338766098,6.133504699973855,18.83546559998649
31,0.0,255,0,0.28,939,0,1,1,0,metric_ff,,0.0556773841381073,5.299211999983527,18.834966099995654
32,1.0,178,1,0.32,1117,0,1,1,0,metric_ff,,0.054867200553417206,5.907485599978827,14.362614500016207
33,0.0,256,0,0.32,1117,0,1,1,0,metric_ff,,0.03636529669165611,4.784728899976471,16.86219109999365
34,0.0,257,0,0.32,1117,0,1,1,0,metric_ff,,0.06008213758468628,5.595753000001423,17.706903399986913
35,0.0,257,0,0.28,1117,0,1,1,0,metric_ff,,0.027154957875609398,4.690757900010794,18.257847800006857
36,0.0,260,0,0.28,1117,0,1,1,0,metric_ff,,0.045929916203022,4.658454699994763,16.837999499985017
37,0.0,250,0,0.24,1117,0,1,1,0,metric_ff,,0.040223971009254456,4.845409700006712,16.73656170000322
38,1.0,6,1,0.28,1123,1,1,0,1,metric_ff,,0.02479596622288227,6.612636499979999,7.029701499996008
39,1.0,107,1,0.32,1230,0,1,1,0,metric_ff,,0.16889503598213196,5.083663900004467,10.650886099989293
40,1.0,5,1,0.36,1235,1,1,0,1,metric_ff,,0.06210283190011978,5.194091699988348,5.571608500002185
41,0.0,255,0,0.36,1235,0,1,1,0,metric_ff,,0.04884727671742439,4.383336400002008,15.900779899995541
42,0.0,253,0,0.36,1235,0,1,1,0,metric_ff,,0.046528853476047516,4.433671899983892,17.414701600006083
43,0.0,257,0,0.36,1235,0,1,1,0,metric_ff,,0.04350435733795166,3.6981633999967016,14.446652599988738
44,0.0,258,0,0.32,1235,0,1,1,0,metric_ff,,0.052747610956430435,4.72830679998151,15.810149400000228
45,1.0,5,1,0.36,1240,1,1,0,1,metric_ff,,0.043568555265665054,4.164310699998168,4.552004500001203
46,0.0,254,0,0.36,1240,0,1,1,0,metric_ff,,0.03853857144713402,3.693010700022569,16.321268400002737
47,1.0,137,1,0.36,1377,0,1,1,0,metric_ff,,0.039849694818258286,4.0517445000004955,10.77762460001395
48,0.0,262,0,0.36,1377,0,1,1,0,metric_ff,,0.022794445976614952,4.335818600025959,16.577102799987188
49,0.0,256,0,0.36,1377,0,1,1,0,metric_ff,,0.06612945348024368,4.073079900001176,15.424201400019228
50,0.0,250,0,0.32,1377,0,1,1,0,metric_ff,,0.025316882878541946,3.372837500006426,14.878980199981015
51,0.0,253,0,0.32,1377,0,1,1,0,metric_ff,,0.04312054440379143,4.8508119999896735,15.809693899995182
52,1.0,58,1,0.36,1435,0,1,1,0,metric_ff,,0.029777809977531433,3.878478400001768,6.8420905000239145
53,0.0,257,0,0.32,1435,0,1,1,0,metric_ff,,0.04933305084705353,4.359908699989319,15.792721999983769
54,0.0,257,0,0.32,1435,0,1,1,0,metric_ff,,0.026144981384277344,4.525704700005008,15.449882100016112
55,1.0,5,1,0.32,1440,1,1,0,1,metric_ff,,0.02503817342221737,4.328464199992595,4.738044399971841
56,1.0,31,1,0.36,1471,0,1,1,0,metric_ff,,0.050373464822769165,3.9238623999990523,5.673962000000756
57,1.0,144,1,0.36,1615,0,1,1,0,metric_ff,,0.04248041659593582,4.461969800002407,11.655679099989356
58,0.0,253,0,0.36,1615,0,1,1,0,metric_ff,,0.028486356139183044,4.095031700009713,15.41731359998812
59,0.0,256,0,0.36,1615,0,1,1,0,metric_ff,,0.04320409521460533,4.435863100021379,16.668039600015618
60,0.0,253,0,0.36,1615,0,1,1,0,metric_ff,,0.017189880833029747,4.443378199997824,16.860779599985108
61,0.0,253,0,0.36,1615,0,1,1,0,metric_ff,,0.016644569113850594,4.601499300013529,15.298892500024522
62,0.0,256,0,0.36,1615,0,1,1,0,metric_ff,,0.06688579171895981,3.602595200005453,16.40920090000145
63,0.0,257,0,0.32,1615,0,1,1,0,metric_ff,,0.040258243680000305,3.311393899988616,16.053555200021947
64,1.0,148,1,0.32,1763,0,1,1,0,metric_ff,,0.02580268681049347,4.080114600015804,10.910825399972964
65,0.0,253,0,0.28,1763,0,1,1,0,metric_ff,,0.009391754865646362,4.81396020000102,17.247543000004953
66,1.0,6,1,0.32,1769,1,1,0,1,metric_ff,,0.012052156031131744,3.565547600010177,4.025180200027535
67,0.0,254,0,0.32,1769,0,1,1,0,metric_ff,,0.03340204805135727,3.6058375000138767,15.742905599996448
68,0.0,252,0,0.32,1769,0,1,1,0,metric_ff,,0.03264446184039116,5.5247560999996495,18.179866599995876
69,0.0,258,0,0.32,1769,0,1,1,0,metric_ff,,0.03755804896354675,4.410625899996376,16.775923299981514
70,0.0,257,0,0.28,1769,0,1,1,0,metric_ff,,0.027827445417642593,4.408876900008181,16.67154089998803
71,1.0,6,1,0.32,1775,1,1,0,1,metric_ff,,0.03554148972034454,3.8260624000104144,4.346403899980942
72,0.0,260,0,0.28,1775,0,1,1,0,metric_ff,,0.012522856704890728,3.743408400012413,16.348678899987135
73,0.0,259,0,0.28,1775,0,1,1,0,metric_ff,,0.027090543881058693,4.5816304000036325,15.636151299986523
74,0.0,252,0,0.28,1775,0,1,1,0,metric_ff,,0.033991534262895584,4.0837231000186875,16.56410610000603
75,0.0,255,0,0.28,1775,0,1,1,0,metric_ff,,0.022125769406557083,3.703819400019711,16.96841110000969
76,0.0,259,0,0.28,1775,0,1,1,0,metric_ff,,0.016181372106075287,4.322305599984247,16.6960596999852
77,1.0,5,1,0.28,1780,1,1,0,1,metric_ff,,0.018721291795372963,3.9043940999836195,4.411439099989366
78,1.0,211,1,0.32,1991,0,1,1,0,metric_ff,,0.03832139074802399,4.067468999972334,14.27252200001385
79,0.0,259,0,0.32,1991,0,1,1,0,metric_ff,,0.04193117469549179,4.707127300003776,15.961702900007367
80,1.0,59,1,0.32,2050,0,1,1,0,metric_ff,,0.06082242354750633,4.257833200012101,7.534520199988037
81,0.0,258,0,0.28,2050,0,1,1,0,metric_ff,,0.030779529362916946,5.140498699998716,17.582346599985613
82,0.0,258,0,0.24,2050,0,1,1,0,metric_ff,,0.029201287776231766,4.29613539998536,15.358369499997934
83,0.0,258,0,0.24,2050,0,1,1,0,metric_ff,,0.05750644579529762,4.0152593000093475,15.718984500010265
84,0.0,253,0,0.24,2050,0,1,1,0,metric_ff,,0.0260684285312891,4.745704600005411,16.2419724999927
85,0.0,257,0,0.24,2050,0,1,1,0,metric_ff,,0.02711864933371544,3.7320800999877974,16.141798300028313
86,0.0,258,0,0.24,2050,0,1,1,0,metric_ff,,0.040706735104322433,4.20219760001055,15.44159469997976
87,0.0,253,0,0.24,2050,0,1,1,0,metric_ff,,0.03949328511953354,4.250363999977708,16.348247499990975
88,0.0,254,0,0.24,2050,0,1,1,0,metric_ff,,0.02954890765249729,4.229178499983391,16.753123700007563
89,0.0,254,0,0.2,2050,0,1,1,0,metric_ff,,0.03923913836479187,4.612842600006843,16.673956000013277
90,1.0,168,1,0.24,2218,0,1,1,0,metric_ff,,0.045874278992414474,3.973298500000965,11.985864499991294
91,0.0,256,0,0.2,2218,0,1,1,0,metric_ff,,0.03631140664219856,5.219373400002951,17.98482330000843
92,0.0,254,0,0.2,2218,0,1,1,0,metric_ff,,0.017335819080471992,3.957510699983686,16.22477170001366
93,0.0,253,0,0.2,2218,0,1,1,0,metric_ff,,0.02082579955458641,4.212571799987927,16.955117800011067
94,0.0,254,0,0.2,2218,0,1,1,0,metric_ff,,0.019387509673833847,4.436738999997033,17.49045829998795
95,1.0,6,1,0.24,2224,1,1,0,1,metric_ff,,0.016757866367697716,3.8692404000030365,4.484149600000819
96,1.0,213,1,0.24,2437,0,1,1,0,metric_ff,,0.023356415331363678,4.266197300021304,14.531947800016496
97,1.0,6,1,0.28,2443,1,1,0,1,metric_ff,,0.04136660695075989,3.7146139000251424,4.408552700013388
98,0.0,256,0,0.28,2443,0,1,1,0,metric_ff,,0.016567958518862724,4.104999899980612,17.139413299999433
99,0.0,257,0,0.28,2443,0,1,1,0,metric_ff,,0.021753063425421715,4.13628500001505,17.4627371999959
100,1.0,225,1,0.32,2668,0,1,1,0,metric_ff,,0.03380917012691498,4.334282700001495,14.566305399988778
101,0.0,251,0,0.32,2668,0,1,1,0,metric_ff,,0.046523675322532654,4.672695499990368,17.13076890000957
102,1.0,5,1,0.32,2673,1,1,0,1,metric_ff,,0.030408214777708054,4.566544900008012,5.167016799998237
103,0.0,253,0,0.28,2673,0,1,1,0,metric_ff,,0.027735615149140358,5.198384599993005,16.762566599994898
104,1.0,124,1,0.32,2797,0,1,1,0,metric_ff,,0.03643571585416794,6.224572100007208,12.024186099995859
105,0.0,254,0,0.28,2797,0,1,1,0,metric_ff,,0.017594583332538605,5.2291897000104655,17.817501300014555
106,0.0,253,0,0.28,2797,0,1,1,0,metric_ff,,0.009069304913282394,4.35635689998162,17.56658320000861
107,0.0,255,0,0.28,2797,0,1,1,0,metric_ff,,0.05352291464805603,5.121149399987189,18.432394700008444
108,1.0,164,1,0.32,2961,0,1,1,0,metric_ff,,0.02609412744641304,4.124901100003626,12.203494400018826
109,0.0,258,0,0.32,2961,0,1,1,0,metric_ff,,0.013206914998590946,6.497339900000952,17.888499499997124
110,1.0,5,1,0.36,2966,1,1,0,1,metric_ff,,0.04263174906373024,4.207073199999286,4.909444299992174
111,0.0,254,0,0.36,2966,0,1,1,0,metric_ff,,0.014038106426596642,3.3789908999751788,15.668971400009468
112,0.0,259,0,0.36,2966,0,1,1,0,metric_ff,,0.024450935423374176,4.164804600004572,16.301279399980558
113,1.0,6,1,0.4,2972,1,1,0,1,metric_ff,,0.03763703629374504,3.918838000012329,4.674867699999595
114,0.0,259,0,0.4,2972,0,1,1,0,metric_ff,,0.02587626688182354,4.579832499992335,17.43544590001693
115,0.0,258,0,0.36,2972,0,1,1,0,metric_ff,,0.018416166305541992,4.163399600016419,16.421629899996333
116,0.0,255,0,0.36,2972,0,1,1,0,metric_ff,,0.01846024952828884,4.061011100013275,15.311701500002528
117,1.0,115,1,0.4,3087,0,1,1,0,metric_ff,,0.027472035959362984,4.763016000011703,10.779032600024948
118,0.0,253,0,0.4,3087,0,1,1,0,metric_ff,,0.029804227873682976,4.74771269998746,17.664283899997827
119,1.0,5,1,0.44,3092,1,1,0,1,metric_ff,,0.09200157225131989,4.273315400001593,4.975304399995366
120,0.0,256,0,0.4,3092,0,1,1,0,metric_ff,,0.05563303455710411,4.081398699985584,16.072170500003267
121,0.0,251,0,0.36,3092,0,1,1,0,metric_ff,,0.058878038078546524,4.125396500021452,16.371578199992655
122,1.0,34,1,0.36,3126,0,1,1,0,metric_ff,,0.03804396092891693,3.794180700002471,6.058473899989622
123,1.0,43,1,0.4,3169,0,1,1,0,metric_ff,,0.01126268319785595,5.4095185000041965,7.769286299997475
124,0.0,262,0,0.4,3169,0,1,1,0,metric_ff,,0.06266801804304123,4.145709100004751,17.250148799997987
125,0.0,256,0,0.36,3169,0,1,1,0,metric_ff,,0.02383837290108204,4.516269199986709,15.97745480001322
126,0.0,256,0,0.36,3169,0,1,1,0,metric_ff,,0.035880088806152344,4.1200071000203025,17.090105399984168
127,0.0,252,0,0.32,3169,0,1,1,0,metric_ff,,0.04036610946059227,3.4433505999913905,16.1079000000027
128,0.0,251,0,0.32,3169,0,1,1,0,metric_ff,,0.07872483879327774,4.022429900011048,16.243474699993385
129,0.0,257,0,0.28,3169,0,1,1,0,metric_ff,,0.04527623951435089,4.0765953000227455,17.1586484000145
130,0.0,253,0,0.28,3169,0,1,1,0,metric_ff,,0.03444898501038551,6.199013400007971,19.055338000005577
131,0.0,256,0,0.28,3169,0,1,1,0,metric_ff,,0.03354261443018913,3.6436250999977347,15.718071099981898
132,1.0,24,1,0.32,3193,0,1,1,0,metric_ff,,0.03669919818639755,4.6485098999983165,6.245594599982724
133,1.0,63,1,0.32,3256,0,1,1,0,metric_ff,,0.04104645922780037,5.103580700000748,8.777300499990815
134,1.0,215,1,0.36,3471,0,1,1,0,metric_ff,,0.04959028214216232,4.1417941999970935,15.090474800002994
135,0.0,255,0,0.32,3471,0,1,1,0,metric_ff,,0.026981018483638763,4.030382600001758,17.373413100023754
136,0.0,253,0,0.32,3471,0,1,1,0,metric_ff,,0.026794973760843277,4.779991799994605,16.2211871999898
137,1.0,6,1,0.36,3477,1,1,0,1,metric_ff,,0.028542011976242065,3.9424525999929756,4.818349200009834
138,0.0,255,0,0.32,3477,0,1,1,0,metric_ff,,0.05078236758708954,4.529212599998573,17.28580020001391
139,1.0,36,1,0.36,3513,0,1,1,0,metric_ff,,0.038571760058403015,4.069902499992168,6.452931999985594
140,0.0,253,0,0.36,3513,0,1,1,0,metric_ff,,0.06944738328456879,4.240247699985048,17.501240399986273
141,1.0,9,1,0.4,3522,0,1,1,0,metric_ff,,0.0247860848903656,4.1771458000002895,5.264949800010072
142,0.0,256,0,0.36,3522,0,1,1,0,metric_ff,,0.02977326698601246,4.028222099994309,15.89170720000402
143,0.0,258,0,0.36,3522,0,1,1,0,metric_ff,,0.02423982135951519,4.250486000004457,15.443949199980125
144,1.0,146,1,0.36,3668,0,1,1,0,metric_ff,,0.03443467244505882,4.549573900003452,12.54124029999366
145,1.0,5,1,0.4,3673,1,1,0,1,metric_ff,,0.030232250690460205,3.911143700010143,4.853355200000806
146,0.0,257,0,0.4,3673,0,1,1,0,metric_ff,,0.029885446652770042,3.8784797999833245,16.305521999980556
147,0.0,255,0,0.36,3673,0,1,1,0,metric_ff,,0.03407647833228111,4.1935483000124805,15.461771900008898
148,0.0,254,0,0.32,3673,0,1,1,0,metric_ff,,0.015455100685358047,4.592137900006492,17.563817599992035
149,1.0,6,1,0.36,3679,1,1,0,1,metric_ff,,0.024069316685199738,4.2793314999726135,5.29157979998854
150,0.0,255,0,0.36,3679,0,1,1,0,metric_ff,,0.02907177247107029,4.3689701999828685,17.310401099995943
151,0.0,255,0,0.36,3679,0,1,1,0,metric_ff,,0.038694802671670914,4.724524699995527,18.60562420001952
152,0.0,256,0,0.36,3679,0,1,1,0,metric_ff,,0.01563766412436962,4.617290800000774,17.743197799980408
153,0.0,254,0,0.36,3679,0,1,1,0,metric_ff,,0.05363373085856438,3.8814566000073683,16.279137399978936
154,1.0,6,1,0.4,3685,1,1,0,1,metric_ff,,0.017351370304822922,4.098080800002208,5.141430000017863
155,0.0,252,0,0.4,3685,0,1,1,0,metric_ff,,0.030092528089880943,3.9677403999958187,15.378426100010984
156,0.0,258,0,0.4,3685,0,1,1,0,metric_ff,,0.04167662188410759,4.202154399972642,17.230498599994462
157,0.0,257,0,0.36,3685,0,1,1,0,metric_ff,,0.028959333896636963,3.9675201999780256,15.504671000002418
158,0.0,258,0,0.32,3685,0,1,1,0,metric_ff,,0.056815341114997864,4.116404500004137,17.295894999988377
159,1.0,6,1,0.32,3691,1,1,0,1,metric_ff,,0.05448797345161438,3.259318099997472,4.355516899988288
160,0.0,252,0,0.32,3691,0,1,1,0,metric_ff,,0.07344886660575867,3.81629950000206,16.844078300026013
161,1.0,6,1,0.36,3697,1,1,0,1,metric_ff,,0.07450733333826065,4.231140799995046,5.264536999980919
162,1.0,5,1,0.36,3702,1,1,0,1,metric_ff,,0.045739758759737015,3.977527500013821,4.938720099977218
163,0.0,255,0,0.36,3702,0,1,1,0,metric_ff,,0.07611683011054993,4.160590799991041,15.53675359999761
164,0.0,257,0,0.32,3702,0,1,1,0,metric_ff,,0.033066533505916595,3.9418777999817394,16.07103220000863
165,0.0,253,0,0.32,3702,0,1,1,0,metric_ff,,0.029783742502331734,4.231291999982204,17.067125000001397
166,1.0,6,1,0.32,3708,1,1,0,1,metric_ff,,0.018953103572130203,4.1923892999766394,5.229589499998838
167,0.0,261,0,0.32,3708,0,1,1,0,metric_ff,,0.03640669584274292,4.402390500006732,17.826214300002903
168,0.0,254,0,0.32,3708,0,1,1,0,metric_ff,,0.03395608067512512,4.000909099995624,17.061183399986476
169,0.0,252,0,0.28,3708,0,1,1,0,metric_ff,,0.03512784466147423,3.643486099987058,15.742655299982289
170,0.0,256,0,0.24,3708,0,1,1,0,metric_ff,,0.04833083972334862,3.627698299998883,15.74098539998522
171,0.0,254,0,0.24,3708,0,1,1,0,metric_ff,,0.05217720568180084,4.3626533999922685,15.871198899985757
172,0.0,255,0,0.24,3708,0,1,1,0,metric_ff,,0.014941899105906487,5.046783999976469,18.58410300000105
173,0.0,254,0,0.24,3708,0,1,1,0,metric_ff,,0.02481847070157528,4.026082700002007,17.1310586000036
174,0.0,261,0,0.2,3708,0,1,1,0,metric_ff,,0.045163512229919434,4.902308999997331,17.921764900005655
175,0.0,256,0,0.2,3708,0,1,1,0,metric_ff,,0.03320157527923584,3.6477025999920443,15.876564499980304
176,0.0,254,0,0.2,3708,0,1,1,0,metric_ff,,0.020108520984649658,4.578056300000753,17.5750000999833
177,0.0,260,0,0.2,3708,0,1,1,0,metric_ff,,0.022407272830605507,4.328935700003058,16.290820199996233
178,0.0,253,0,0.2,3708,0,1,1,0,metric_ff,,0.02428712695837021,4.254509999998845,17.171817599999486
179,0.0,259,0,0.16,3708,0,1,1,0,metric_ff,,0.024181440472602844,4.657047999993665,17.566311600006884
180,0.0,255,0,0.16,3708,0,1,1,0,metric_ff,,0.020803876221179962,4.478348500007996,16.657518599997275
181,0.0,253,0,0.16,3708,0,1,1,0,metric_ff,,0.03389051929116249,4.354478399996879,16.68902740001795
182,1.0,205,1,0.2,3913,0,1,1,0,metric_ff,,0.02689300663769245,4.448456200014334,14.71985299998778
183,0.0,252,0,0.2,3913,0,1,1,0,metric_ff,,0.0347607284784317,3.6644927999877837,16.254923500004224
184,0.0,260,0,0.16,3913,0,1,1,0,metric_ff,,0.023038795217871666,4.584489000000758,17.841520000016317
185,1.0,93,1,0.2,4006,0,1,1,0,metric_ff,,0.05955592915415764,4.024634300003527,9.046146900014719
186,1.0,5,1,0.2,4011,1,1,0,1,metric_ff,,0.034124549478292465,4.063191900000675,5.3024418000131845
187,1.0,6,1,0.2,4017,1,1,0,1,metric_ff,,0.026996705681085587,4.148275500017917,5.394728099985514
188,0.0,257,0,0.2,4017,0,1,1,0,metric_ff,,0.025513041764497757,4.7226307000091765,17.0275836000219
189,1.0,65,1,0.24,4082,0,1,1,0,metric_ff,,0.03743061423301697,5.268362599977991,9.337092900008429
190,0.0,260,0,0.24,4082,0,1,1,0,metric_ff,,0.026363763958215714,4.228781699988758,16.764826800004812
191,0.0,254,0,0.2,4082,0,1,1,0,metric_ff,,0.029285648837685585,4.28653710000799,17.236632399988594
192,1.0,5,1,0.24,4087,1,1,0,1,metric_ff,,0.03726222738623619,3.985888800001703,5.211988000024576
193,1.0,115,1,0.28,4202,0,1,1,0,metric_ff,,0.020273970440030098,4.293786599999294,10.600247800000943
194,1.0,27,1,0.32,4229,0,1,1,0,metric_ff,,0.06821627169847488,4.163808400015114,6.450095400010468
195,0.0,259,0,0.32,4229,0,1,1,0,metric_ff,,0.018962610512971878,4.014869499980705,17.134039500000654
196,0.0,256,0,0.32,4229,0,1,1,0,metric_ff,,0.04883876442909241,3.9048974000033922,15.446969199983869
197,0.0,251,0,0.32,4229,0,1,1,0,metric_ff,,0.018797703087329865,3.7612667999928817,17.29521399998339
198,0.0,254,0,0.32,4229,0,1,1,0,metric_ff,,0.07595105469226837,4.136592499999097,16.402218100003665
199,1.0,195,1,0.36,4424,0,1,1,0,metric_ff,,0.06086385250091553,4.653971799998544,15.281698899983894
200,1.0,5,1,0.4,4429,1,1,0,1,metric_ff,,0.041961368173360825,3.7704056999937166,5.063100499974098
201,1.0,6,1,0.44,4435,1,1,0,1,metric_ff,,0.05557599291205406,4.946895100001711,6.419737200019881
202,1.0,5,1,0.48,4440,1,1,0,1,metric_ff,,0.06853167712688446,4.223991999984719,5.647925199999008
203,1.0,191,1,0.52,4631,0,1,1,0,metric_ff,,0.038971949368715286,4.245960600004764,13.703103000007104
204,1.0,31,1,0.56,4662,0,1,1,0,metric_ff,,0.04235697537660599,3.995757299999241,6.493053300015163
205,0.0,253,0,0.56,4662,0,1,1,0,metric_ff,,0.0318654365837574,3.7827437999949325,17.259637999988627
206,0.0,257,0,0.56,4662,0,1,1,0,metric_ff,,0.02151995524764061,4.3628642999974545,17.656457499979297
207,0.0,254,0,0.52,4662,0,1,1,0,metric_ff,,0.0987895280122757,4.208560600003693,17.557127100008074
208,0.0,257,0,0.52,4662,0,1,1,0,metric_ff,,0.03285684436559677,4.569533000001684,16.39023239997914
209,0.0,252,0,0.52,4662,0,1,1,0,metric_ff,,0.024056190624833107,4.204091499996139,17.760885199997574
210,0.0,257,0,0.48,4662,0,1,1,0,metric_ff,,0.05325639992952347,3.7266625000047497,15.568629300018074
211,1.0,199,1,0.48,4861,0,1,1,0,metric_ff,,0.040297411382198334,4.78499980000197,15.344241400016472
212,0.0,258,0,0.44,4861,0,1,1,0,metric_ff,,0.030357472598552704,4.717278399999486,18.24516659998335
213,0.0,253,0,0.44,4861,0,1,1,0,metric_ff,,0.031192539259791374,4.420312100002775,17.81088999999338
214,0.0,256,0,0.4,4861,0,1,1,0,metric_ff,,0.03769094869494438,3.798257799993735,17.97626249998575
215,0.0,254,0,0.4,4861,0,1,1,0,metric_ff,,0.018799910321831703,4.185939999995753,16.69386860000668
216,1.0,177,1,0.44,5038,0,1,1,0,metric_ff,,0.016365062445402145,4.061489800020354,13.718691199988825
217,0.0,256,0,0.4,5038,0,1,1,0,metric_ff,,0.03372670337557793,4.294112300005509,18.208675400004722
218,0.0,252,0,0.36,5038,0,1,1,0,metric_ff,,0.051916174590587616,4.240610199980438,18.295820700004697
219,0.0,256,0,0.32,5038,0,1,1,0,metric_ff,,0.04287628084421158,4.5397372000152245,17.06335300000501
220,0.0,255,0,0.32,5038,0,1,1,0,metric_ff,,0.037351708859205246,4.053505099989707,17.36542869999539
221,0.0,258,0,0.32,5038,0,1,1,0,metric_ff,,0.04572009667754173,4.3675057999789715,16.354693100001896
222,1.0,6,1,0.36,5044,1,1,0,1,metric_ff,,0.049635935574769974,4.687065900012385,6.224085699999705
223,0.0,257,0,0.36,5044,0,1,1,0,metric_ff,,0.038300156593322754,4.508621199987829,18.007764000009047
224,0.0,255,0,0.32,5044,0,1,1,0,metric_ff,,0.07374180108308792,4.766931999998633,18.477389400009997
225,0.0,256,0,0.28,5044,0,1,1,0,metric_ff,,0.03269105404615402,3.868818100017961,17.456563200015808
226,0.0,256,0,0.24,5044,0,1,1,0,metric_ff,,0.021362293511629105,4.217221400002018,17.86551609999151
227,0.0,253,0,0.2,5044,0,1,1,0,metric_ff,,0.07069499045610428,4.002740199997788,16.987078700010898
228,0.0,255,0,0.16,5044,0,1,1,0,metric_ff,,0.019852997735142708,4.738712799997302,18.352438400004758
229,0.0,257,0,0.12,5044,0,1,1,0,metric_ff,,0.0390944704413414,3.5064173999999184,17.34264919999987
230,0.0,256,0,0.12,5044,0,1,1,0,metric_ff,,0.05950779840350151,4.4669945999921765,18.338967899995623
231,0.0,252,0,0.12,5044,0,1,1,0,metric_ff,,0.037590768188238144,4.160314000007929,17.998310199996922
232,1.0,8,1,0.16,5052,0,1,1,0,metric_ff,,0.022472849115729332,4.369306000007782,6.126226199994562
233,1.0,116,1,0.2,5168,0,1,1,0,metric_ff,,0.030533071607351303,4.646542800008319,11.351814499998
234,0.0,260,0,0.2,5168,0,1,1,0,metric_ff,,0.03419508785009384,4.164549799985252,17.89269219999551
235,1.0,138,1,0.24,5306,0,1,1,0,metric_ff,,0.01984134502708912,3.9466228999954183,12.096998699998949
236,0.0,253,0,0.2,5306,0,1,1,0,metric_ff,,0.021862417459487915,4.4254713999980595,18.47491039999295
237,0.0,255,0,0.2,5306,0,1,1,0,metric_ff,,0.04478234797716141,9.218788400001358,23.10059159999946
238,0.0,255,0,0.2,5306,0,1,1,0,metric_ff,,0.15926101803779602,5.130845500010764,18.198004200006835
239,1.0,83,1,0.24,5389,0,1,1,0,metric_ff,,0.1047363206744194,4.308622999989893,9.820683600002667
240,1.0,5,1,0.28,5394,1,1,0,1,metric_ff,,0.051922012120485306,4.167914499994367,5.8246076999930665
241,1.0,112,1,0.28,5506,0,1,1,0,metric_ff,,0.03084414266049862,5.063910800003214,11.160192300012568
242,0.0,254,0,0.28,5506,0,1,1,0,metric_ff,,0.019384894520044327,4.420745199982775,17.370924499991816
243,1.0,5,1,0.32,5511,1,1,0,1,metric_ff,,0.050279174000024796,4.372264200006612,6.285217700002249
244,0.0,252,0,0.32,5511,0,1,1,0,metric_ff,,0.09019923210144043,4.658239399985177,18.522732999990694
245,0.0,253,0,0.32,5511,0,1,1,0,metric_ff,,0.06118067726492882,4.203983300016262,18.180697599978885
246,0.0,260,0,0.32,5511,0,1,1,0,metric_ff,,0.08349612355232239,5.470541199989384,19.291757700004382
247,0.0,254,0,0.28,5511,0,1,1,0,metric_ff,,0.053678058087825775,4.344110799982445,18.206623700010823
248,0.0,252,0,0.28,5511,0,1,1,0,metric_ff,,0.06500186026096344,4.201815699983854,17.080305400013458
249,1.0,95,1,0.32,5606,0,1,1,0,metric_ff,,0.031356438994407654,4.845981400023447,10.976359000022057
250,0.0,261,0,0.32,5606,0,1,1,0,metric_ff,,0.09898418188095093,4.794628600007854,19.224810799991246
251,0.0,256,0,0.32,5606,0,1,1,0,metric_ff,,0.04757482185959816,4.682547999982489,17.910895000008168
252,0.0,257,0,0.32,5606,0,1,1,0,metric_ff,,0.08025075495243073,3.66856170000392,18.20320229997742
253,0.0,260,0,0.32,5606,0,1,1,0,metric_ff,,0.05470094829797745,3.890219299995806,16.35146090001217
254,0.0,260,0,0.32,5606,0,1,1,0,metric_ff,,0.019764266908168793,3.5402606000134256,17.92083580000326
255,0.0,255,0,0.32,5606,0,1,1,0,metric_ff,,0.04164966195821762,4.341897900012555,16.749045199976536
256,1.0,5,1,0.36,5611,1,1,0,1,metric_ff,,0.03945589438080788,4.011221599997953,5.903813899989473
257,0.0,258,0,0.32,5611,0,1,1,0,metric_ff,,0.04556889086961746,4.671297200024128,18.526705199998105
258,1.0,5,1,0.32,5616,1,1,0,1,metric_ff,,0.04081283137202263,3.9851265999895986,6.000088300002972
259,0.0,257,0,0.32,5616,0,1,1,0,metric_ff,,0.03888225182890892,3.9012967000016943,16.873883499996737
260,1.0,178,1,0.32,5794,0,1,1,0,metric_ff,,0.042129095643758774,4.529489799984731,14.842425399983767
261,0.0,253,0,0.32,5794,0,1,1,0,metric_ff,,0.013204026967287064,4.2101988999929745,16.257755499973428
262,0.0,255,0,0.32,5794,0,1,1,0,metric_ff,,0.06258554756641388,4.563533099979395,18.314585499989334
263,1.0,5,1,0.36,5799,1,1,0,1,metric_ff,,0.057199928909540176,4.619568199996138,6.6727878999954555
264,0.0,256,0,0.32,5799,0,1,1,0,metric_ff,,0.060942381620407104,4.300318499997957,17.381558799999766
265,0.0,255,0,0.28,5799,0,1,1,0,metric_ff,,0.04639187827706337,4.627992699999595,17.6705912000034
266,0.0,260,0,0.24,5799,0,1,1,0,metric_ff,,0.031651370227336884,3.7051315999997314,16.75317279997398
267,0.0,253,0,0.24,5799,0,1,1,0,metric_ff,,0.05640125647187233,3.7170555999909993,16.68287769999006
268,0.0,256,0,0.2,5799,0,1,1,0,metric_ff,,0.0771796777844429,4.7137303999916185,18.651226000016322
269,0.0,257,0,0.2,5799,0,1,1,0,metric_ff,,0.07692334055900574,4.085586200002581,16.29614059999585
270,0.0,256,0,0.2,5799,0,1,1,0,metric_ff,,0.021831531077623367,3.8961004999873694,16.577261200000066
271,1.0,97,1,0.24,5896,0,1,1,0,metric_ff,,0.05275227874517441,5.288230599981034,12.11071500001708
272,1.0,103,1,0.28,5999,0,1,1,0,metric_ff,,0.02838696911931038,3.698169700015569,9.804165300010936
273,0.0,255,0,0.28,5999,0,1,1,0,metric_ff,,0.047351107001304626,4.215140199987218,17.503514900017763
274,0.0,254,0,0.24,5999,0,1,1,0,metric_ff,,0.030068950727581978,4.625078499986557,16.93956729999627
275,0.0,253,0,0.24,5999,0,1,1,0,metric_ff,,0.05609101429581642,4.437506599992048,16.774404299998423
276,1.0,5,1,0.28,6004,1,1,0,1,metric_ff,,0.04712918773293495,5.728545699996175,7.797536599973682
277,0.0,255,0,0.28,6004,0,1,1,0,metric_ff,,0.29090994596481323,3.8079675999761093,17.412899399991147
278,0.0,254,0,0.28,6004,0,1,1,0,metric_ff,,0.04660745710134506,5.9181217000004835,20.213528299995232
279,0.0,256,0,0.28,6004,0,1,1,0,metric_ff,,0.07606899738311768,3.753674300009152,18.272195600002306
280,0.0,255,0,0.28,6004,0,1,1,0,metric_ff,,0.1890764832496643,4.639660599990748,17.678344299987657
281,1.0,6,1,0.28,6010,1,1,0,1,metric_ff,,0.0323215089738369,3.976516900002025,6.145403399976203
282,0.0,252,0,0.28,6010,0,1,1,0,metric_ff,,0.04186004027724266,4.932740200019907,18.974677199992584
283,0.0,256,0,0.24,6010,0,1,1,0,metric_ff,,0.05994804948568344,4.432480300019961,17.205806999991182
284,1.0,104,1,0.28,6114,0,1,1,0,metric_ff,,0.03357535973191261,4.220415799994953,10.546163699997123
285,0.0,253,0,0.24,6114,0,1,1,0,metric_ff,,0.0771881639957428,4.609376100008376,18.60312069999054
286,1.0,106,1,0.28,6220,0,1,1,0,metric_ff,,0.0708155408501625,4.257939799979795,11.333458800014341
287,0.0,253,0,0.28,6220,0,1,1,0,metric_ff,,0.008489587344229221,5.461929699988104,19.464156299975002
288,1.0,5,1,0.28,6225,1,1,0,1,metric_ff,,0.0646016076207161,4.2429986000061035,6.415875500009861
289,1.0,165,1,0.32,6390,0,1,1,0,metric_ff,,0.04965147376060486,4.951608300005319,14.726960699976189
290,0.0,254,0,0.32,6390,0,1,1,0,metric_ff,,0.039257027208805084,4.839512000005925,18.79653980000876
291,0.0,254,0,0.32,6390,0,1,1,0,metric_ff,,0.04499530419707298,4.170822100015357,17.41419280000264
292,0.0,258,0,0.32,6390,0,1,1,0,metric_ff,,0.04240718483924866,4.498427300015464,17.389456499979133
293,0.0,254,0,0.32,6390,0,1,1,0,metric_ff,,0.06564117968082428,5.224337999999989,19.305030999996234
294,0.0,261,0,0.32,6390,0,1,1,0,metric_ff,,0.05088239163160324,4.1551035000011325,17.644753800006583
295,0.0,262,0,0.32,6390,0,1,1,0,metric_ff,,0.08465321362018585,4.318373399990378,18.97874829999637
296,1.0,53,1,0.32,6443,0,1,1,0,metric_ff,,0.047668248414993286,4.397554499999387,8.962594599986915
297,0.0,257,0,0.28,6443,0,1,1,0,metric_ff,,0.04607878252863884,4.6386370999971405,18.748045000014827
298,0.0,258,0,0.28,6443,0,1,1,0,metric_ff,,0.04791855812072754,4.87971480001579,20.055101400008425
299,0.0,256,0,0.28,6443,0,1,1,0,metric_ff,,0.060443729162216187,4.216421200020704,18.054929400008405
